"RelativePath","Length","SHA256"
"D3D12\D3D12Core.dll","4725304","625BD40005B1C3708695D5256ECF230D278E6B8EDBA5A88AF70F3D91324F3052"
"Glow Box_Data\app.info","29","0645D508BB7BF85021A33AA1AE77D3E4146E86FFE45ED81DB9FE7AA9945346F5"
"Glow Box_Data\boot.config","173","C8ED89A5BE3A8E24F6AFF75A79A97A0E9E55880B4BF9A14BFE31F8594F9738E6"
"Glow Box_Data\globalgamemanagers","194884","C6E656329299B06D4DFBBE02732E76D0B8C49D1A69DA4FA1DC58FA9083D3556B"
"Glow Box_Data\globalgamemanagers.assets","279624","EED3D2A9CBD3915B9866728A48C3D88C22BAABC9A42AAD7F0891469A8A478A42"
"Glow Box_Data\globalgamemanagers.assets.resS","4692144","0196F547EBE83DE288847EAED7B7B12E89C45568D155E10AD7E61AE6AE3B8532"
"Glow Box_Data\level0","1244","7B6A499AA8D31981620CE17F9E3C766AF0760F5F668FE00E5A1BAEB36886D1D2"
"Glow Box_Data\Managed\com.rlabrecque.steamworks.net.dll","424960","AF527997F5239FB541792CE33A9A144139B5A27A2D5CB083564676625A406744"
"Glow Box_Data\Managed\com.voidd0g.unity_utilities.libraries.collections.dll","18944","BDCC13CE6390A81EA13CDFCD88446BE1280C2D6D85DD2449262537F0CB671722"
"Glow Box_Data\Managed\com.voidd0g.unity_utilities.libraries.div_int.dll","5120","547C44CF4BF56660F4F4FB587D2F719A63F6EA7B4649055F61A2D2D5D79B56B5"
"Glow Box_Data\Managed\com.voidd0g.unity_utilities.libraries.encryption.dll","7680","3C1E13CDDE96EF75E87A77CA31BD553973F07C6A24D49F3BC1AF5D6CA00178F7"
"Glow Box_Data\Managed\com.voidd0g.unity_utilities.libraries.enum_utils.dll","6656","3D566E61A32D3A6C48CC76AF8D5D98DF2578E061F644143E34933AAFE7BDA361"
"Glow Box_Data\Managed\com.voidd0g.unity_utilities.libraries.nicify_name.dll","6144","F0E765D12E5CE7A4CD07C443E33007C9D6CBE1CA587BC03536138EA622EA1FCD"
"Glow Box_Data\Managed\com.voidd0g.unity_utilities.libraries.nullables.dll","9728","CACB4A63108874BEA8600F980307F534469317899526B580F1D55ABC46727A16"
"Glow Box_Data\Managed\com.voidd0g.unity_utilities.libraries.result.dll","6144","DBDEE775C06C445CE164497C93FB6A129FF0E65C789A7108E643C5010B3652CE"
"Glow Box_Data\Managed\com.voidd0g.unity_utilities.native_plugins.harfbuzz_text_layout_calculator.dll","47616","17DB021074125F7BD29F6EBF6C3B49DB7C7822065AE23548DF635D22DA015558"
"Glow Box_Data\Managed\com.voidd0g.unity_utilities.native_plugins.message_box.dll","6656","F4B3EA49815132749ACB3249C6B00D27F21B264EDAA0108E7C07F305C323E03C"
"Glow Box_Data\Managed\com.voidd0g.unity_utilities.source_generators.auto_constructor.dll","5120","0CD8D9D75F4476E2E5AB5E9E191ACD2534876C1E01C6EA9BECAA8F06F986E9D4"
"Glow Box_Data\Managed\com.voidd0g.unity_utilities.source_generators.enum_with_fields.dll","5632","C0626955D54EBC22BB3078F74F2853820A553E9E8F0D260B1253DA2E5CAA0861"
"Glow Box_Data\Managed\com.voidd0g.unity_utilities.source_generators.internal_getter.dll","5120","60C583D73FF04508326510B1BE3E592AE2C62F7572905CD4077A7C23911EAC95"
"Glow Box_Data\Managed\com.voidd0g.unity_utilities.source_generators.text_data.dll","5120","EF8644473BA25E9AD472897FB638EA1288A5C9CFCB798369401B96CCAE1AF3D6"
"Glow Box_Data\Managed\com.voidd0g.unity_utilities.source_generators.zero_object_system.dll","13312","1197ED628B6E9B273C94E2CEC69A69B470C1945736D987C7B2FC619D4838F8FE"
"Glow Box_Data\Managed\com.voidd0g.unity_utilities.unity_libraries.addressables_encryption.dll","9728","AF3906DF11977CB6176DA3317BB698FF7FF76149E89F9A8FD18517E5BB8E3340"
"Glow Box_Data\Managed\com.voidd0g.unity_utilities.unity_libraries.audio.dll","72192","615FCFC2A308DB5A2EEF918A68202CCE213B9410BBC9B95AAE0C210D06BD670C"
"Glow Box_Data\Managed\com.voidd0g.unity_utilities.unity_libraries.authoring_hub.dll","4096","995031920846B6771D1AFBCA494A80637F581C022F1437B7AEE19B855E55437B"
"Glow Box_Data\Managed\com.voidd0g.unity_utilities.unity_libraries.auto_creatable_asset.dll","5632","0916E89595205D9EC9BAB729DDA692376429BDAB0BE325C7FBA2117401897053"
"Glow Box_Data\Managed\com.voidd0g.unity_utilities.unity_libraries.enum_dictionary.dll","6144","2CE521E7C1F8886D754B5B9A0D33C58E93DC173D7857D1923DC033153519AA8C"
"Glow Box_Data\Managed\com.voidd0g.unity_utilities.unity_libraries.fast_quad_renderer.dll","30208","5936ACDB02E07A051B78EB8CE5BE12FD7C5C51C8FD82810D84AE743AB6D4B381"
"Glow Box_Data\Managed\com.voidd0g.unity_utilities.unity_libraries.input.dll","17408","619DDB2DF015EB077FFC0BF0337350EA2EDB698EE3D42DBB14F984B09CC87706"
"Glow Box_Data\Managed\com.voidd0g.unity_utilities.unity_libraries.layer_field.dll","5120","717C766CE0CC8B942C929723757867E1AFDEBFBAE39AB3D37B919A34F1F20012"
"Glow Box_Data\Managed\com.voidd0g.unity_utilities.unity_libraries.localized_font_asset.dll","7680","6707B61CDEC0FB0FE17B576D6B250077E388E6780767F28ED0F5E2FFE08683F3"
"Glow Box_Data\Managed\com.voidd0g.unity_utilities.unity_libraries.minimal_render_pipeline.dll","9728","3F2E43D202923AC794FF3F6D2BD0FE77CB9295886F6BC0190B06BC348B227E39"
"Glow Box_Data\Managed\com.voidd0g.unity_utilities.unity_libraries.nullables.dll","6144","2BE3EA2D29F55E0BEE209FFCCE39BACCD93C6351134C4C417DDADEC5EE899EEE"
"Glow Box_Data\Managed\com.voidd0g.unity_utilities.unity_libraries.persistent_data.dll","22016","B4BD4269D520369630FF9ED64C904CCA1C583E1412C5F0D3017648B86296FA45"
"Glow Box_Data\Managed\com.voidd0g.unity_utilities.unity_libraries.readonly_field.dll","5120","B6FD900806BF0386B0EDDB42C5EBB80D2B3E139D6521E2F2860D137A8772ECE3"
"Glow Box_Data\Managed\com.voidd0g.unity_utilities.unity_libraries.scene_runtime.dll","32768","94A03EF88B43A310C5D5BA31FD8D1F4C376CA39BCE11C9CA88FDCCA8F38B0FED"
"Glow Box_Data\Managed\com.voidd0g.unity_utilities.unity_libraries.screen_studio.dll","47104","E017BC365343F14F108D44A7D8273220AF7879E9EF4681868AEC744480177AA8"
"Glow Box_Data\Managed\com.voidd0g.unity_utilities.unity_libraries.serializable_array.dll","6144","E523A5B9389E31788DB31F7FA6E6A35D1F7600305BD05A6E28E73E7D2E7C46DB"
"Glow Box_Data\Managed\com.voidd0g.unity_utilities.unity_libraries.simple_quad_transform.dll","19456","DE581239C1EDEFFB301D1B95C315BC54577EDC7E37D25B4ABF08D47B11F990C7"
"Glow Box_Data\Managed\com.voidd0g.unity_utilities.unity_libraries.text_data.dll","7680","1D41F6280D694A75454A431CAB8D87B3ADD075CD05058EC450633D0B7632CD7D"
"Glow Box_Data\Managed\com.voidd0g.unity_utilities.unity_libraries.time_curve.dll","16896","27CBF2F21ABFE01D993666F2B459B93C376C119A9B879974DBBAAE39195BA4E2"
"Glow Box_Data\Managed\com.voidd0g.unity_utilities.unity_libraries.zero_object_system.dll","40960","BC4705F30B150E48227BFEC08EADDE0AC9CA0391B0F8199401C0914786020E1A"
"Glow Box_Data\Managed\Mono.Security.dll","241152","618009319DBF3AE374F9B5DC0D0522E1E1BDD172200C120A5471747B7991A584"
"Glow Box_Data\Managed\mscorlib.dll","4632064","6C76E06E6D44CF0F39BF59E6A90770968B70093AD4C1572DFBC5E46E431C5FBF"
"Glow Box_Data\Managed\netstandard.dll","90112","6AE62E082DC494A2433984177F60CA4DB5FAE69B1F360A8B33754172B310B8C5"
"Glow Box_Data\Managed\System.ComponentModel.Composition.dll","257024","0C3E81771A5FE9657BEA02887996DE72606C3CB247E4FBE413F743F40E2AF244"
"Glow Box_Data\Managed\System.Configuration.dll","124928","04907729E87A101E62D3A5C93CFA16688BEE745D05440D6DAA0C541964BE27AB"
"Glow Box_Data\Managed\System.Core.dll","1113088","A5E7D47313DA0ECA0B92A901A30498F5E970916FAF63B70B74DD62B09760ED72"
"Glow Box_Data\Managed\System.Data.DataSetExtensions.dll","29696","498F14C37D83F946A47A79E01DE777E62F269EE9C3820F2026B59AB1C1B9222F"
"Glow Box_Data\Managed\System.Data.dll","2125312","427478545CE66B632414CA838088EA073F250ED16B21C70005F48CB571350E47"
"Glow Box_Data\Managed\System.dll","2641920","7019D6B6DBFA07CF30F62E7D3CCB969F70CBF001FD72112938FFB535C7F75D81"
"Glow Box_Data\Managed\System.Drawing.dll","489984","E182E688223ACEDB8135227E8FBFF17D5ED22F47F81141AA9CB96EF1AB9926FC"
"Glow Box_Data\Managed\System.EnterpriseServices.dll","44544","84AF394AD863E31407EB2B9555CA7E96A9F1966630F5D7F0EEC54F0011F6BABC"
"Glow Box_Data\Managed\System.IO.Compression.dll","114688","80421A67B4162A5F1B4AAD6A8327C6D1FB4B04DEDD39DAE14A770B812594FAE2"
"Glow Box_Data\Managed\System.IO.Compression.FileSystem.dll","18432","2730D2A27F9362259A406EA14727E5F0A71BC21A6825BE94F8623A84BD9F9C79"
"Glow Box_Data\Managed\System.IO.Hashing.dll","50488","AC7AC3E83805B0B621C48B90543DC733C9A89106835278618357D6187E3DA74E"
"Glow Box_Data\Managed\System.Memory.dll","4608","C4F030A2CBA7DA7CDCF493257C24560E203D355904AEE490D645A935842F834A"
"Glow Box_Data\Managed\System.Net.Http.dll","122880","3CD3AC19050D5031C13644CD87958AD8029B79CE16C7747FAF3D0542E7FB45A3"
"Glow Box_Data\Managed\System.Numerics.dll","119296","AC9224B32355A09F09B706CAB568384F64CF8116825C5911CEF1E13221C61C38"
"Glow Box_Data\Managed\System.Runtime.CompilerServices.Unsafe.dll","18024","01748200F2400C742AA689F1F5101BD6298EFDFD92C00C18F4FA473847235BA9"
"Glow Box_Data\Managed\System.Runtime.dll","12288","E0A7334B7BA419AAAB6BD3BB6992D693E689341A9178172C9BF99C2AA6A085BD"
"Glow Box_Data\Managed\System.Runtime.Serialization.dll","934400","1152EF687DBE39E0CCB6B9A68F6501004415A729072DF29ABAB3BC7C66840217"
"Glow Box_Data\Managed\System.Security.dll","320000","2101A4DD4475285F96B1AC3BA1715A52AA8067690709E675CC49A9EB8ED901A4"
"Glow Box_Data\Managed\System.ServiceModel.Internals.dll","215040","888EC94A59C127854871B76AFA49FDCEFDF723C0F0B6FD78E87F73A8495B63B5"
"Glow Box_Data\Managed\System.Transactions.dll","35328","F65DBC257D26A361DCC01EDD58BF3E542D186C8EE492A4F7A62B0DD7D59F7050"
"Glow Box_Data\Managed\System.Xml.dll","3160064","79194220ADFCF027A334C87B1ADCC6D07B9660A4061E04B3D9500C10D30F7D49"
"Glow Box_Data\Managed\System.Xml.Linq.dll","136704","4F5D6BF313CBF091E7BFF83D07DD03ED93D0ECB3DDB025AE786AADD6B5F477FB"
"Glow Box_Data\Managed\UniTask.Addressables.dll","12800","79F917F306F03215FB5FBC34220235C9765038BDF5253D4502301762B32CBD8A"
"Glow Box_Data\Managed\UniTask.dll","560128","43F55EC53532F74353E3BDF24A463B32EC919C97E150CD1F39DB7A0BCFBD54D6"
"Glow Box_Data\Managed\UniTask.DOTween.dll","4096","0A8D1549EC6228DCC2B21A8CACC085EB553F5B273F0B59C871618F4E2F531364"
"Glow Box_Data\Managed\UniTask.Linq.dll","704000","A9E9847A6628EC4230CA446448C07857D9DFE8967EECBE5761798744C17B620C"
"Glow Box_Data\Managed\UniTask.TextMeshPro.dll","13312","449237BC54B8099825C929280904CD589E7859096483679EE8847E4D7510E411"
"Glow Box_Data\Managed\Unity.Addressables.dll","116736","DFFDB75EA7C256719CDA0AACF9A68657D0BF80C1815DDE49C6A79D8FBA12B87A"
"Glow Box_Data\Managed\Unity.Burst.dll","304640","4ADEB0ABF78D45712D337283BDAC283C7B286DAEC6C243A36F66DAE1CA15C79C"
"Glow Box_Data\Managed\Unity.Burst.Unsafe.dll","5632","9D9C1FF52411DECBEE5D9F0D1CD61EBEAA222077AA77A52101EA3DEBAFAE98E2"
"Glow Box_Data\Managed\Unity.Collections.dll","450560","CEF1CC7B812680A9BDB37C4717209646E55BABF8EF2EF04B817848E406BD98C5"
"Glow Box_Data\Managed\Unity.Collections.LowLevel.ILSupport.dll","5120","FF50383F807F9692E4913B97E47D86FEFCB8FAA33D6D48CD3E3FD6FC7FFB448D"
"Glow Box_Data\Managed\Unity.InputSystem.dll","1131008","570D45C150907B13B13DDC85E6B574A1138A20E3D6D149E523664F169BCAA4F5"
"Glow Box_Data\Managed\Unity.InputSystem.ForUI.dll","16384","53914A09683CAEBEFBA2AF5D40A114F55AF1D33EB6C7A7D4A88B27942B673C76"
"Glow Box_Data\Managed\Unity.InternalAPIEngineBridge.004.dll","4608","1599B7ED3BE698B1085A7A7CD0A320E574F56F3210BE5D1B5DC37DE6CB03467E"
"Glow Box_Data\Managed\Unity.Mathematics.dll","752640","9979D0A287F37ED0FEFD80C8A6A894F87DD8F27AF3A221CCDC29CDB08E0C4FB5"
"Glow Box_Data\Managed\Unity.Profiling.Core.dll","10240","C8290833ADC9BF2AAF7CA5617DFF8C0B73B95175B7C5656375DC1553BA0FFA82"
"Glow Box_Data\Managed\Unity.RenderPipelines.Core.Runtime.dll","1192960","ED637685A164A5804FC9CD4CD02BC6C13BC63194AD316C96C856E243ECF3F743"
"Glow Box_Data\Managed\Unity.RenderPipelines.Core.Runtime.Shared.dll","5632","440ADF18DD23CAA497DF4B1D578EABD9AC8A1A99BC520F20B708EABE083C8682"
"Glow Box_Data\Managed\Unity.RenderPipelines.Core.ShaderLibrary.dll","4608","076E5C45CBD7E1F1C0BC6FCD2BF6EE6EF00443A2C9E0F9D9ABEDF2B095A09808"
"Glow Box_Data\Managed\Unity.RenderPipelines.GPUDriven.Runtime.dll","235008","2A6BC64967AF871ACF8BEA9E504E4C5D6BEC6246FFC8DF19F0C9F2624F24FA59"
"Glow Box_Data\Managed\Unity.ResourceManager.dll","143360","2B7DB73DCAB7394CF63137EFB7F68878BFDDA04B8E19F05A2B7345B397326504"
"Glow Box_Data\Managed\Unity.ScriptableBuildPipeline.dll","9216","1635F3F974C42A01204D31290B664FED499A9773C1DB80CD9A6B03BD9BA0B6C5"
"Glow Box_Data\Managed\Unity.TextMeshPro.dll","445952","5BE8D4AC7514A99470A969B436CEED19D4A20600E7DFA7B8FAD8FFB2C0467330"
"Glow Box_Data\Managed\Unity.UnifiedRayTracing.Runtime.dll","101376","DF33AF0F882544A17D712D48561C409C1966F164D65E93DB1975CB91E17BC098"
"Glow Box_Data\Managed\UnityEngine.AccessibilityModule.dll","50096","EB277989D6AE6570AFE4E8DDA0F7694FB8E4F833F42275E5F61FAEF0B1FBAC30"
"Glow Box_Data\Managed\UnityEngine.AdaptivePerformanceModule.dll","124336","D8D0076D973E86D5709E3D281B4933FA9A15382C279CF86415AD9390B803D166"
"Glow Box_Data\Managed\UnityEngine.AIModule.dll","77224","CE7C0A35BAE8B0DBC7AE41166E0B367839C884D29212B05540ADF3DE4F1888EE"
"Glow Box_Data\Managed\UnityEngine.AMDModule.dll","21936","BBF0302D8DFC13CD3F0F4EC87985997102635CB1F74766DEC5A34D384D8F905C"
"Glow Box_Data\Managed\UnityEngine.AndroidJNIModule.dll","121256","B420611D602745242F4368805F0A5FE33B7236F0BF48A5DB52AE45B100D466BD"
"Glow Box_Data\Managed\UnityEngine.AnimationModule.dll","225200","17596C5D92E0365F1CDC02D4CB5639A3D98AB86CD2292AFA54837DE017C3225C"
"Glow Box_Data\Managed\UnityEngine.ARModule.dll","25512","554041AC5DA7437A06E04F90C8391EA0A55CDA3D48CA79AF77C91919D6A3E815"
"Glow Box_Data\Managed\UnityEngine.AssetBundleModule.dll","41896","ACD68E4D551780EC89BFEFE9EC268456EB687D5030F8A3D713D421C62E32F8E3"
"Glow Box_Data\Managed\UnityEngine.AudioModule.dll","142256","40EAEF11885F9B8025AC4EC9FEF7E71E2C7F61ED882967C827CA9E275D3D98F8"
"Glow Box_Data\Managed\UnityEngine.ClothModule.dll","36272","616A99E976810EF118334513CEE0E1EA4C8CC7A194CEED6B29786D86D341D0D9"
"Glow Box_Data\Managed\UnityEngine.ClusterInputModule.dll","28072","9B3FEABDA206964C153FB1CE0FEE11C00C0E065CDFB513FD9F0DE084123F1A3A"
"Glow Box_Data\Managed\UnityEngine.ClusterRendererModule.dll","26536","F22F3CE708903CB14D0E2A492278A41CB05674BDD0E72733C8A4F6C92068B1D7"
"Glow Box_Data\Managed\UnityEngine.ContentLoadModule.dll","32688","0BE1950E3D8AA4B9EBED31B70D4EC89F6E846306851D55EE6C82045C23BA60D8"
"Glow Box_Data\Managed\UnityEngine.CoreModule.dll","1982376","A70C1F154A8994C5D3D9AB486FC663C1C71F69EC8F5E8971483E0872EC5A97F4"
"Glow Box_Data\Managed\UnityEngine.CrashReportingModule.dll","26544","2894B2CF8B68069D714BEF7040C87FBB12B6099615E1072C14BE002DCE27CFC1"
"Glow Box_Data\Managed\UnityEngine.DirectorModule.dll","41384","8364EC694BE1A16ED78FD39FD9501C0A4ADA329FE1EA46755ABBF64125623672"
"Glow Box_Data\Managed\UnityEngine.dll","197032","95D13D61A2A035537D1C5BA55A91233789DD27407EC600B4543980F045BDE201"
"Glow Box_Data\Managed\UnityEngine.DSPGraphModule.dll","31656","E2789A44A5A4F7099D5EF7A492BF2DF5DFF00313AF71FD7FC92A8EDA25098F4F"
"Glow Box_Data\Managed\UnityEngine.GameCenterModule.dll","45488","D2B67C0E40A1DB5EEE612F5BEF9866DF2850DF14E3EF73E08CAF5C3664C5DA75"
"Glow Box_Data\Managed\UnityEngine.GIModule.dll","24496","FD7605653FA25AB17FA60CF54DC2970003FF3B2399D544433276A2932C2C13E2"
"Glow Box_Data\Managed\UnityEngine.GraphicsStateCollectionSerializerModule.dll","14248","636147ADB204791C650B142A6B9DDE24A6994F3CC209F5F2CBCF746BC22AEE79"
"Glow Box_Data\Managed\UnityEngine.GridModule.dll","30128","DE45EA2B8FADB715B3B1F6E20952B081BE81CC3903B4883195199E65406433F2"
"Glow Box_Data\Managed\UnityEngine.HierarchyCoreModule.dll","109488","AC6FAACDFE13E6F0389A4F5E96895700CA2E3EEF906F8D7A8557B108A9A262EF"
"Glow Box_Data\Managed\UnityEngine.HierarchyModule.dll","102312","F251F8370E2D9E2138B6853C31CFF64DEFBB1D69839B8AEF3E7E15D7085DE8FC"
"Glow Box_Data\Managed\UnityEngine.HotReloadModule.dll","24496","03BFA3FBC0067476269346AED3B1375450CDC7F295D8A2D3947AFB3CED94E68F"
"Glow Box_Data\Managed\UnityEngine.IdentifiersModule.dll","14768","7A22026B92E20162E60AF471D9B716EAB92ADF3BC1B649B1D56E34583346EED8"
"Glow Box_Data\Managed\UnityEngine.ImageConversionModule.dll","31152","4160A47EB2100D16316989CF5C4AB1FD08ADD1D670312B13D162D66EC14F823C"
"Glow Box_Data\Managed\UnityEngine.IMGUIModule.dll","213416","FB7F945D2CB65FCAEE0C82551B0DC2CA278A6DB4DE3D1AC31C850978F01A17A4"
"Glow Box_Data\Managed\UnityEngine.InputForUIModule.dll","57768","C824D115878B40ADC70DE3B89E90ECA3A385C292AA45D10020921A75A1527A5C"
"Glow Box_Data\Managed\UnityEngine.InputLegacyModule.dll","45480","8BBFAD954B6974658204688933912330DAD582E5BD4952F9B8DD6555A2277521"
"Glow Box_Data\Managed\UnityEngine.InputModule.dll","28072","25AEE4094389081CE9B5E41370ED0AF9A78C19E2507E147BBE985A5C2DD61EB9"
"Glow Box_Data\Managed\UnityEngine.InsightsModule.dll","14248","7526E8A60810E94175FC56C108B7C837BE517660C20977E88F1B30B9D4C473EE"
"Glow Box_Data\Managed\UnityEngine.JSONSerializeModule.dll","27056","4CE151F41D3D8535DC24681F07B9B012D6E5CABCF530C321A3E3474DE7CB4A76"
"Glow Box_Data\Managed\UnityEngine.LocalizationModule.dll","27056","151CC33909DF18677670BB7B5A3CD46379412B5AAEDC410A631A53D9A2827042"
"Glow Box_Data\Managed\UnityEngine.MarshallingModule.dll","83368","CC256C3680B4081749D4A3E4F3D2943B3A98176711AEE4A31AF54EDE2FC9863B"
"Glow Box_Data\Managed\UnityEngine.MultiplayerModule.dll","17840","D924529D9F486FE14D44F339F62E7B83B6ADB79A9270C060791D8FA7CEE5EB22"
"Glow Box_Data\Managed\UnityEngine.NVIDIAModule.dll","40360","2DC914502D224AE8DFF7CA96AFB441E53318F22321AE3CB21838ABA1125F150A"
"Glow Box_Data\Managed\UnityEngine.ParticleSystemModule.dll","171440","D350CC166EB610592699D2F72E22576F0881646874352F813318E93AA14963FA"
"Glow Box_Data\Managed\UnityEngine.PerformanceReportingModule.dll","25000","12A3B90D24F921A77FBFAD61216878C672CCC6528097434BF71883EAFAB15120"
"Glow Box_Data\Managed\UnityEngine.Physics2DModule.dll","578992","9343AD720947120FB6C4E07B3E60D4D22E5D3E9488476E834CF39E7CF219AFB0"
"Glow Box_Data\Managed\UnityEngine.PhysicsBackendPhysXModule.dll","14256","1EDF23C0BC9C5DAAB74A8A9E21D41024F445A6A8ECCE675B930D1EA8C31CB172"
"Glow Box_Data\Managed\UnityEngine.PhysicsModule.dll","182184","F42B3A41B153871454A45F01D56EDFB0C23B5F6A015BABE9AB422E4EE768DF8A"
"Glow Box_Data\Managed\UnityEngine.PropertiesModule.dll","133040","205A2B8F2E148FF1BA0851CC60D4398FDBB25514B619CEFC51376C8D247F3ECE"
"Glow Box_Data\Managed\UnityEngine.RenderAs2DModule.dll","25512","49432469AE14700FEA7A2753EF3FC4E14206CBC2918BEAC89C56A052AC4B563D"
"Glow Box_Data\Managed\UnityEngine.RuntimeInitializeOnLoadManagerInitializerModule.dll","24496","73234EA5E05281A0427382AF552151926D29EED881B3BD983E8908A9827B68DE"
"Glow Box_Data\Managed\UnityEngine.ScreenCaptureModule.dll","26032","073F991892652A1570BA18EB9425E3ECD4295B099A0E0D0385264F68FEC7FB95"
"Glow Box_Data\Managed\UnityEngine.ShaderRuntimeModule.dll","25512","42037AF16BC9215B20FF9231F5DF9842B1D79ED9CC9E64A0496E6465A60F413D"
"Glow Box_Data\Managed\UnityEngine.ShaderVariantAnalyticsModule.dll","24496","C08BAB2BB3724E7F166D9EE569EE1946B7DF3DE896B83F1B0BDB46D33A211A10"
"Glow Box_Data\Managed\UnityEngine.SharedInternalsModule.dll","37800","0C02885BD48E0C7640B33A843C02DC43BC2161D56CD9A33B1B69E2E5406FE6C7"
"Glow Box_Data\Managed\UnityEngine.SpriteMaskModule.dll","28584","5AC6372D30A7EC84CF6BD971BCE76ED048671F6337EBFB48CBDD1E05E0493E3C"
"Glow Box_Data\Managed\UnityEngine.SpriteShapeModule.dll","31656","B077D6E74FA8B7D84C62D84C3B8C59F44B7B0A85665C7E66C1577EBB5192B593"
"Glow Box_Data\Managed\UnityEngine.StreamingModule.dll","25512","E084BA15A00C04F4A89E71BBBD4EDE01D93A97151C2128B123EFE6EAB62B029C"
"Glow Box_Data\Managed\UnityEngine.SubstanceModule.dll","29096","B669854F6B82FAFF5205CED89D3E57D7447BC9E9F5DCBE30BB78A1E044E80C60"
"Glow Box_Data\Managed\UnityEngine.SubsystemsModule.dll","41896","02432B08A52EDA75F9E716244DF85BC457DC097A3FADE632A03CB7E57B3CDE82"
"Glow Box_Data\Managed\UnityEngine.TerrainModule.dll","133552","D7FC83862E22B0C2883754DEB6D79E3B3CAD4BEF077F0DB9544A7E5B497494E7"
"Glow Box_Data\Managed\UnityEngine.TerrainPhysicsModule.dll","25520","66A7BA81BC542ED8562E4BBDEF8D630546967BE6682908E527CE01A0603F4C09"
"Glow Box_Data\Managed\UnityEngine.TextCoreFontEngineModule.dll","81840","807D060266C0BC22490242724B2C594123803F3AD847B609C11E99F88CBB83CA"
"Glow Box_Data\Managed\UnityEngine.TextCoreTextEngineModule.dll","331696","A193147C8E421F7CED8EB76C82C09322CEEC0C488B332EAE9D2259163B9490AC"
"Glow Box_Data\Managed\UnityEngine.TextRenderingModule.dll","39344","90BEBF6D09AEDA7D8CE559A504DB7F57136F0072D79E6F1E4F5670BC719282A8"
"Glow Box_Data\Managed\UnityEngine.TilemapModule.dll","58288","0151D763D9075BE677BF184E6D7E3A04B032930151B8D063ED527268E8E0F565"
"Glow Box_Data\Managed\UnityEngine.TLSModule.dll","31144","66AEE1AAA955A05FD7E9D49B373248D3518A3C4C3C46BCC06CF2B92481E0546D"
"Glow Box_Data\Managed\UnityEngine.UI.dll","273408","F70BA2B1D5E4299CBEE93C4BC7985EDE4D1BD1F3309504C491708C95564B34AC"
"Glow Box_Data\Managed\UnityEngine.UIElementsModule.dll","2443184","44AE1FA11B0CC54D655F9E5E29F49B1BB78FB975599E519C47F5C57283B27E5E"
"Glow Box_Data\Managed\UnityEngine.UIModule.dll","49576","D50F16B163280142223739F9812FA4CD4FF211AF5527125004F8811A051FF332"
"Glow Box_Data\Managed\UnityEngine.UmbraModule.dll","24496","8CEC4C5D9F38FDA80016CEB5B04E2027035355461C3E47DF591A79BBA1611D74"
"Glow Box_Data\Managed\UnityEngine.UnityAnalyticsCommonModule.dll","35760","FFDF70C50272497F86AF65BBF9FF8A45B82F34ACF1F615A658C85E8E2753E035"
"Glow Box_Data\Managed\UnityEngine.UnityAnalyticsModule.dll","60840","6FCE4E6CDB36CAE8DDF79797A9DE2D27EA44A188FD01AA8903006346A6F81E61"
"Glow Box_Data\Managed\UnityEngine.UnityConnectModule.dll","27560","9E7B4A683F8C65B40EC930CDD82E335DD66461ADE1AE846B7EFDC1B5CE108E9B"
"Glow Box_Data\Managed\UnityEngine.UnityConsentModule.dll","16304","180A8DA827D6D2D30D4E12F4A5F3D72BEF91909E44AF153318F8ADDA3FC40B16"
"Glow Box_Data\Managed\UnityEngine.UnityCurlModule.dll","26024","594C11AC62BCDCBD4430FC8695965FE8B7D4D4181A48306E9EED107F540A2F24"
"Glow Box_Data\Managed\UnityEngine.UnityWebRequestAssetBundleModule.dll","28584","E407F0F19F841BA0A0F77132F2648202B899014E7082B67DDB2047B3176E2257"
"Glow Box_Data\Managed\UnityEngine.UnityWebRequestAudioModule.dll","28080","4DD83107FFC298C6D3AF7E03D6524D8A7FFFC410CE62E95ED8115BD28C5F7055"
"Glow Box_Data\Managed\UnityEngine.UnityWebRequestModule.dll","69032","32DADF37A610438AE3736B6911FDCC87004AD2AAA659B20AC9CA420C78FEA0D4"
"Glow Box_Data\Managed\UnityEngine.UnityWebRequestTextureModule.dll","27568","7C2FC5D72AADB111D8A1B0DE942E727B8CCEA3A4C52AE2FEC0AD8738FB3CA584"
"Glow Box_Data\Managed\UnityEngine.UnityWebRequestWWWModule.dll","36272","C9ABA162D1BA36BE9536510324973B5ECE3EFDE05067B8228F3DEEB82471450B"
"Glow Box_Data\Managed\UnityEngine.VectorGraphicsModule.dll","252336","DAD710A54A797947784340CE8E91D411A1041C74676B5369E2CCF5F9EEAA6E6F"
"Glow Box_Data\Managed\UnityEngine.VehiclesModule.dll","31152","1603024376AF31EE1F076D608EC33E9584B5A07A87CCA7CB1681452FB9FF1D24"
"Glow Box_Data\Managed\UnityEngine.VFXModule.dll","78256","3A9E0846EDE7CE7DF9A7A93C8E04FE3A52D9AEDB5067D5FE3E3B628F5F2AF083"
"Glow Box_Data\Managed\UnityEngine.VideoModule.dll","49064","DD4A79E27EA42D7506C7D4BC5F0F68C866A3D186255E4CEA211CF636157F7F31"
"Glow Box_Data\Managed\UnityEngine.VirtualTexturingModule.dll","42920","9D82FAF6B904D19C01B1CA9ABAB7482ACEA6FF01C6645F0E4E2B77BB895A3329"
"Glow Box_Data\Managed\UnityEngine.VRModule.dll","31656","20035718DD186458AD30EEF4831F372665F593B0CE3F7B6786EA5365C98D827B"
"Glow Box_Data\Managed\UnityEngine.WindModule.dll","26544","3E40527ADE11BF685D43AA6C276F89B074266A67A4013251F90DCEFAFE1DCD6C"
"Glow Box_Data\Managed\UnityEngine.XRModule.dll","88496","E84C513FED214E685FCB7ADD4CE27AD0A49A3E4380520AB53EC3DB68A9C601AE"
"Glow Box_Data\Managed\voidd0g.GlowMachine.Runtime.dll","367616","33E6A747804C8864E52F91868A2996D499EC27409D6B978065A3B38E6102AB92"
"Glow Box_Data\Managed\ZString.dll","266240","903135D918B8FDAF4CF09447F7EC69072DB2ABDA2DBDD0F9583CF52D1653F724"
"Glow Box_Data\Plugins\Steamworks.NET.txt","243","EDF8378EE4AC6DB86441A2235F5C576B1F6FFE5508B8BB6DD9B33F086EEA72F4"
"Glow Box_Data\Plugins\x86_64\lib_burst_generated.dll","294912","46CB8008D8097A58946C4195A7658578109776372E33691664B81A1984AD733B"
"Glow Box_Data\Plugins\x86_64\steam_api64.dll","317080","EB17909A76668CF9AE0B92A618A34A50F6C73D3A6787CB4DD8CE36A8B10BFB75"
"Glow Box_Data\Plugins\x86_64\text_layout_calculator.dll","1245363","FF022ABA8D47870B9AF0E992004EB1530F5934134949B15A5E4D3C5B471EC98F"
"Glow Box_Data\resources.assets","347688","8D2DC28EA86AF358A3A0087B2E49B5F4BB8D785B20BC2668386481BB6B9EA87E"
"Glow Box_Data\resources.assets.resS","5472","BFDDEF3E5BF55B9B438B6FF64E180F71010938D8A36EA5F8EAF78AEC26F696C1"
"Glow Box_Data\Resources\unity default resources","5923140","FB2492CD1AD7C38DDA8A4CE5F1A1FB57EDCFF44E3AE250B263E44BEAE3660EC4"
"Glow Box_Data\Resources\unity_builtin_extra","305992","E3AA4F7F33806FE393926A185C3A02F7E182CC28523E41E3A5A8EEE24277B237"
"Glow Box_Data\RuntimeInitializeOnLoads.json","2846","4EC3B8B3D01BCAD57F4DC27A93F8AB8C4795C115AEF7FE10B15ADD94711A4069"
"Glow Box_Data\ScriptingAssemblies.json","6370","161B02B6B554DB5BF683CC0B4263AF42E23FADCF4C61A65C12117F21003CB2FF"
"Glow Box_Data\sharedassets0.assets","38944","C4B9B0812F8F7894AA74E9C68CF2A0225EA32791CC59B6334070C900EDD64F92"
"Glow Box_Data\sharedassets0.assets.resS","524288","393EFE6399536384AA91BDFC4E64F244B4D3E1FBB6A4FF145C483FFEE64CCB36"
"Glow Box_Data\StreamingAssets\aa\AddressablesLink\link.xml","10004","15AF64F508BA459CBAA95501362ABD452D38CA6E1826092DF78E6CA68CFA5D8C"
"Glow Box_Data\StreamingAssets\aa\catalog.bin","33374","B07BEE0D9CD764F35ACD82E3F1BF936A934945B395715CADA9A5A507439259D9"
"Glow Box_Data\StreamingAssets\aa\catalog.hash","32","D72D661465A2298B9F7A74D1812BB9F578465F308C3F185CCB65F77F02EB9513"
"Glow Box_Data\StreamingAssets\aa\settings.json","864","347B9A340C888EA78E610AE5EC9E9A16F8462F3256567E6EF3AF80991C98B07D"
"Glow Box_Data\StreamingAssets\aa\StandaloneWindows64\0514ffe215f12c9667bc325b646d74ef.bundle","5645","DB33AD763CE8F702E1232E77CABABB966045FEC14D054234BA524EC40FD66FFE"
"Glow Box_Data\StreamingAssets\aa\StandaloneWindows64\086b1be1050bcc1fcd2d4e09942d696b.bundle","1552","31BCD8FEE7ECFA69210CFC8701CA58B1D709E544F0C8EAC555F37632B7116BF4"
"Glow Box_Data\StreamingAssets\aa\StandaloneWindows64\09154ffcece5733fbeb17cd1c8d82bcb.bundle","2790","38AEEDD7599EB389EE44782C9E547184EE1F7C4DF1790B779BD422DF9D1B56A0"
"Glow Box_Data\StreamingAssets\aa\StandaloneWindows64\0a0fe280d7e31131d8ab38959f26ffbc.bundle","14848","B0C9B7BE608C2DC8BB08C7499E85CE73AAF3A21BD31AC3A65FB62FA7AD21FDC0"
"Glow Box_Data\StreamingAssets\aa\StandaloneWindows64\0a2b65131c52bb2f571757c24dd1c6e0.bundle","381598","DFCD8504962226114D123DAA003A0B2A11C62CBB7A337785F9CCCCBF54084FEC"
"Glow Box_Data\StreamingAssets\aa\StandaloneWindows64\0a33ec231315866294ccc189a88ca29b.bundle","44232","4BDB5DD952FB08F65B46851E776FCF14EA2AC2CCE427259824CB77D306A3C840"
"Glow Box_Data\StreamingAssets\aa\StandaloneWindows64\0e08c35b38abeef00c1387f44814443e.bundle","1608","660C8443E45591538C100974DF0C04F26926B87B3BC2391D0F4F6ED08B527A06"
"Glow Box_Data\StreamingAssets\aa\StandaloneWindows64\11ee4a0ca6d5e27a4192b31f12d7b10a.bundle","410027","7AE36FD537ACBFFFA9D20A8D1C439982D0C7806696E8468F681AB3ED67E5CEE2"
"Glow Box_Data\StreamingAssets\aa\StandaloneWindows64\173931e03153a937f390358414a1cf5e.bundle","8610","51A364B5092FCC0827E85DCDE21668381055E05CC105A2248B1C075843CB3151"
"Glow Box_Data\StreamingAssets\aa\StandaloneWindows64\17e22e6b7ef2df809d889064e38078d0.bundle","1522","1A87F4F9679ECF7BAAA17D15C9A98491F46690AF4F7C0C1DDC14AFB67AFEF137"
"Glow Box_Data\StreamingAssets\aa\StandaloneWindows64\197dd65ec5bf9dfd3812ceab5c00dedd.bundle","1518","B83B9D9C96FD0935A7A69A0E04BB7D39E71B38543F6325E4630607D01495E1B5"
"Glow Box_Data\StreamingAssets\aa\StandaloneWindows64\2ff0186e8556a3fd47868bd6e0a99dbb.bundle","4204","A84242F5CE175C77962DE3B20ED7F63D7895892C66103D3FF7F46433D9BFE3BA"
"Glow Box_Data\StreamingAssets\aa\StandaloneWindows64\312b8a713607fa37956344902cd2217e.bundle","1667224","1B3ECA8892003C56D8D7AC2988F2E11A9F5A5346104C1520253A241EE51F9154"
"Glow Box_Data\StreamingAssets\aa\StandaloneWindows64\35a0e70b2ef15557df6153d59804089b.bundle","6464","1BAC3529A1D391890C4CA06D8A169262B8B770F7A7B2419644221AAC2E7DD89C"
"Glow Box_Data\StreamingAssets\aa\StandaloneWindows64\371f31643094d37bde2b94d9c6fda3ee.bundle","228037","7369266EB5B6B2962F4151DF6381258089CC35F6733FAA5A5B6D4ECC02B8F898"
"Glow Box_Data\StreamingAssets\aa\StandaloneWindows64\3ba557f535502708dd5a59c5007f3774.bundle","1517","19F861D12C5627A286BCF43B167E4B6FA83ED9296DD96AD95EE6ED6BDAD5C771"
"Glow Box_Data\StreamingAssets\aa\StandaloneWindows64\3bdffb2e8f9c9c758fa43488e3040bd6.bundle","32213","33A052F32A13190FEAD960AE1A2C8A05531C058682B7B69338B6B5818478FEE6"
"Glow Box_Data\StreamingAssets\aa\StandaloneWindows64\3e3d903c4ce827f29158ca3b954b40bd.bundle","1932","1DBB9E119272CA079A45DD08A0C3210CFD925B0C9B3B1C3D62FB7886B766E717"
"Glow Box_Data\StreamingAssets\aa\StandaloneWindows64\3e54550d8b7d1895d445b0a09c8e4d0c.bundle","10140","49E201CBE0185B0EEF928358B1BE5BEE27FAAF9FA4FEE48538061081BFCE3FAF"
"Glow Box_Data\StreamingAssets\aa\StandaloneWindows64\41e165e7fb1d046154590ecc208a3ce0.bundle","17310","790AFA11CF1FB8350C28D3E4A5A2490509ABF5A42D1AE8E55D7D0F488656D794"
"Glow Box_Data\StreamingAssets\aa\StandaloneWindows64\4648d98ad36d76bbe087bf0691aebe88.bundle","1662","372DECC751540F2A7D4BB22EAC8113B727A018F54092974E6043A1585B243EF1"
"Glow Box_Data\StreamingAssets\aa\StandaloneWindows64\49c6402b53c1dd0d1c096de881c1d696.bundle","7368","23E41033BDFA9808CEA801555AD8CA54E18014EEC36F1B15ED4CDAC80AF065B9"
"Glow Box_Data\StreamingAssets\aa\StandaloneWindows64\4acc258f619ac06b664ed91b69b7f2a1.bundle","895983","6DBCE59D4C90FB3D3A6704FC877EFACA77D36A7AAAAACE165945DABF8A07F48D"
"Glow Box_Data\StreamingAssets\aa\StandaloneWindows64\4acd742b2a6ae7c722d4c32948563c1a.bundle","21188","03BA07035DD8A7C6F1954EB8D92C85052E06614EE2C2E00B5A109C966FC4BEAC"
"Glow Box_Data\StreamingAssets\aa\StandaloneWindows64\538f658eade0eba528c090281388b2fa.bundle","5706","8BC317988FBD4CEDF43B8DABF6FC4D101431E6E2D558E66E7A64ACFADD5D277F"
"Glow Box_Data\StreamingAssets\aa\StandaloneWindows64\55561243e123100e664f77febaaeb71d.bundle","1531","EFE5665F490CE8CD1B40D595AF1ADE82A7E49A3A13A5EA1FE59E96A35187159A"
"Glow Box_Data\StreamingAssets\aa\StandaloneWindows64\558911131fc4a470567a9419d3573ce9.bundle","1729","3B93B8812D4B56FC49C303E0536C60471E83CB9F39ECE492D373CEB2EDF51885"
"Glow Box_Data\StreamingAssets\aa\StandaloneWindows64\56aaa8999240756a4986e7db80826c40.bundle","1511","151875FE46F96B178C0EB4A87309C91353937AB9D802DE02021F28B9761D28E6"
"Glow Box_Data\StreamingAssets\aa\StandaloneWindows64\580acf4f2d6fa4f6c3d3306910aafaf8.bundle","1506","400B3CA4273A22797580D5A9830E3FFA3E5CB7FAA5C0B87A16FFB9C68BAF1540"
"Glow Box_Data\StreamingAssets\aa\StandaloneWindows64\58bee269286514db2d51e36f3ea78762.bundle","1522","A3328F571D3D16E452C0A2E1778D139561ECC92F59BAAE8B72B263B7571932B2"
"Glow Box_Data\StreamingAssets\aa\StandaloneWindows64\67513765bb7375d9ee727f1913612e31.bundle","4960","0044D7A0A9CDE1CB6D1689AC06E42174E212D154D3E036B36A875509DAF364D6"
"Glow Box_Data\StreamingAssets\aa\StandaloneWindows64\6a9a188989c1521274f8637a5494f10e.bundle","1508","A1EAF2F9F4D27225DF65C3E1EB9C590EB9C1AD8B15348B835B8BFE8A2AE1E788"
"Glow Box_Data\StreamingAssets\aa\StandaloneWindows64\6e6e2b81edc9869fdc468ffbdce7c67f.bundle","3203571","227B1A098CB90078710E796F340C289E82AAB6F068D08EA48AFF5502F49EAFA9"
"Glow Box_Data\StreamingAssets\aa\StandaloneWindows64\6f64dd2ebcf966d82e67fa9c9b5802e9.bundle","17535","6378218A9DADC08E9FA4D3CF42611F0BDDD7065E0612A64F3A3A30083EAE8478"
"Glow Box_Data\StreamingAssets\aa\StandaloneWindows64\750101a303df21eb9c5bb41b98c9374c.bundle","2460","FB7A2D0AD6BC223636AFEEB510C50F2A72D924350302460BF1061FB71898B328"
"Glow Box_Data\StreamingAssets\aa\StandaloneWindows64\7bd755be8ba5171f40812b455a8a4ff1.bundle","5626","6EC3D3DB085064A4D1D97B0B375B475966F90668F3068DEB1EDE8FB192E6B3AE"
"Glow Box_Data\StreamingAssets\aa\StandaloneWindows64\8a92ffd0f8503f1f08e61cd42b53739a.bundle","1508","96D875E8FDBE3819778243C92DABFB1CE911196553227E231CEAA7FC4F75D26A"
"Glow Box_Data\StreamingAssets\aa\StandaloneWindows64\8b28845e3be2b499d77be830e054b3ca.bundle","2855","0D36FE24EE39FAA16A52F3E92430D3B345D6F6E00F09025E206C2AA0CE5D835E"
"Glow Box_Data\StreamingAssets\aa\StandaloneWindows64\90ede898adfdece466c454d371e6205c.bundle","1533","5C8588E35DEB153B254C7875A26377424DEC4583314F0E8314055A1D0A88DE91"
"Glow Box_Data\StreamingAssets\aa\StandaloneWindows64\92605176eb11812d0bbfc7e2f0d16403.bundle","4398","E653727C79206391A51E4EE3C51D91FC4DC8CF428BFF322BC0EDF9887828069F"
"Glow Box_Data\StreamingAssets\aa\StandaloneWindows64\94fb8130d09d52f6368a092cacf97fe5.bundle","21891","97BE4A2E17D388264344D1886E7DCE84B851FC707EDFAF913F20F13B49FC7F03"
"Glow Box_Data\StreamingAssets\aa\StandaloneWindows64\9774229f65d600c9fe36302cd479023d.bundle","98347","8F2A0C3874673049A88324AE3254C7BDD226827AF3F115C00CA9E1BDFEAEF721"
"Glow Box_Data\StreamingAssets\aa\StandaloneWindows64\a22ff40671cf27a91728dd7f547f51c5.bundle","1508","85D02E10E3477F4FF3FF253F9E0F1CFB1A8281D511EA3ACB757D857B0C98CBFF"
"Glow Box_Data\StreamingAssets\aa\StandaloneWindows64\a48356f682ad8c8b97e51f664405da87.bundle","1496","34015D699453AF922FAD40DEAC80BBAC1FE47B5CE31C8E0922ECD57795F91BF0"
"Glow Box_Data\StreamingAssets\aa\StandaloneWindows64\a83647f242c8e97a23ee6bcd801cb623.bundle","19242","4633E027E17F0B4AB44EFEDF717736C78256C5FD4E1846567267BC5A48F3C2E6"
"Glow Box_Data\StreamingAssets\aa\StandaloneWindows64\a848ad089ee40a3ba402febe11f96b89.bundle","1536","0C4F07A7F7A0D0E92BB5DF925E4133F5D4A5C2FAEFF666504238B99E16C38788"
"Glow Box_Data\StreamingAssets\aa\StandaloneWindows64\aabf8501138e8abbebda9cb4ef29db9c.bundle","209671","90CEAA1446BAAAB109761614516B0A6E82EAB0ECB77EA388CC5DBCCD9A51A9A7"
"Glow Box_Data\StreamingAssets\aa\StandaloneWindows64\b2a4a47a69991aa22d68cf264c6f6a55.bundle","2482","383040AD425B3E2300C123868DDF882E1D058EBB266F913D382CFFC41C7A7A76"
"Glow Box_Data\StreamingAssets\aa\StandaloneWindows64\b301bb5e4bd97f2664443b1d06b6bbf2.bundle","1514","4050BD3D32AB346F421EA9A401D8656556466C01B026CFEE280786D854621EA0"
"Glow Box_Data\StreamingAssets\aa\StandaloneWindows64\b79bff27dd04232ee4d7bc9d1c2236b8.bundle","2970","74D5C1A1C6D22E3DB89F227A1B30561A5CA492C9F354A8F743741C12844D5F77"
"Glow Box_Data\StreamingAssets\aa\StandaloneWindows64\ba16bbf73d565dd8e35a28497b3c0d98.bundle","1536","87F4E105542A6E53CA50AE382B026735A79ABB6A0AF262D161D750DE268FEEB9"
"Glow Box_Data\StreamingAssets\aa\StandaloneWindows64\c05e244834fe9f2837080c6784b6f5b1.bundle","1494","FCF0ADD2D031CF7E422E99513A62062F36CB62C8D74AC61E7B7BB0239999DC6E"
"Glow Box_Data\StreamingAssets\aa\StandaloneWindows64\c0bee0463ecc7e0d330bfe9bc0f171d5.bundle","8912","1CB6843FD3DC583735396CE5CF4DD00A0125DBB47F3B4F4788C52344E588E1F0"
"Glow Box_Data\StreamingAssets\aa\StandaloneWindows64\c29fb4a94f15c6c968107fd1475b689d.bundle","1614","4CFBF77CA143D14AC122EAC2FDD4A7E9A50EDCC85D421F1295883DDC1DA098F1"
"Glow Box_Data\StreamingAssets\aa\StandaloneWindows64\c459941481ee67ddddbf1c8c0df00919.bundle","1508","878E85E11C7903D4F2F22975E1CB56880ECA7A9B0267AA80B7721ABC923B79EE"
"Glow Box_Data\StreamingAssets\aa\StandaloneWindows64\c74b6d10fa50deff98b4e3c20db6978d.bundle","2329","6233D9958AC3868687C9A39CC5695376F6256B70FCE1FE509362CF52CD1D7D01"
"Glow Box_Data\StreamingAssets\aa\StandaloneWindows64\c975513d10b1bcec4cf8b23daba06fdb.bundle","8092","CAC53423190EFC4C7FAF1BB41367BAB8CC66472DEAE8A5D534DC115D6A9BC746"
"Glow Box_Data\StreamingAssets\aa\StandaloneWindows64\cfc7ae7e12f4373b9fa8236b7fcee557.bundle","3619","B54A8605AA7FFDC3A809F0D8BBACB105BCB0C2228D63246EA10CD642D86B6E71"
"Glow Box_Data\StreamingAssets\aa\StandaloneWindows64\d0edc3ea5938c65e9dd04b55fb3092e7.bundle","32918","FD44D548CDB2107A5DB6A6B0C6BAB62889DDACDA1207EFCEA63ACFB836A37C37"
"Glow Box_Data\StreamingAssets\aa\StandaloneWindows64\d1b87afd472e0489be61183f794cea25.bundle","1513","51732F22FC2577166963BBD1D2CC7892F0A465BE9E2AB0FCAA15DA0417C06940"
"Glow Box_Data\StreamingAssets\aa\StandaloneWindows64\d50d57616aaf5bf7d5170c29cb005e0a.bundle","3894","6B47E71EE448CE03E8A975FA217015E6CAAEA0219D43D6828421991FF4B1BA86"
"Glow Box_Data\StreamingAssets\aa\StandaloneWindows64\d7e9e399a7c17b33bee5bc2122de910d.bundle","2857","6CE05CC720AF3603DB8F4EB95694E20967E20B89116A1783183DD6FABAC723C6"
"Glow Box_Data\StreamingAssets\aa\StandaloneWindows64\db428256a21505e834eceb12db24dad0.bundle","4770","E92BD72069EA1EC27F64E56E7A3759B89042FD14A28FCD62B31157A5FD4A0693"
"Glow Box_Data\StreamingAssets\aa\StandaloneWindows64\db9bad4a519b07ea29ccbd55b8c876bf.bundle","1555","A2A2E60EB4FE30C308FCB4E6A53ADD4689B8B00E749CCB8945F5BB49A65B33CA"
"Glow Box_Data\StreamingAssets\aa\StandaloneWindows64\dcdd67db1b4dd7e06369d63d265af5fa.bundle","2771","1C31CB46C8BCB17E4A821C203EB071B3FE42405577E09BD96478A8408C266D9B"
"Glow Box_Data\StreamingAssets\aa\StandaloneWindows64\e086b0276c52bb4fc55c16a377d279c9.bundle","17720","0FE79B7BB5F28196F7BC952FF0A799432EA6441BD9183E01D8C64E485E3543E7"
"Glow Box_Data\StreamingAssets\aa\StandaloneWindows64\e105cce785b635623e92838498793bfb.bundle","1504","07027B156D8C77D0A48E520DB0A14321B922DD0CDA5B34180FA25847CDC9242A"
"Glow Box_Data\StreamingAssets\aa\StandaloneWindows64\e1f1c584baf3490a813b679ae73c6fd4.bundle","1593","E402FFF396FAE71A48426CE8F0C93BB1BEC0D4AD63E82A61F0629163F195500F"
"Glow Box_Data\StreamingAssets\aa\StandaloneWindows64\e3fbff0e497c5586281699e218674d3f.bundle","1552","EF626431467498D29A0CB3094BD2447D39B79C8D96B8048864EA76F2C4C5690E"
"Glow Box_Data\StreamingAssets\aa\StandaloneWindows64\eb20e303592b14d6a8278bbf4d2b6e27.bundle","21877","256C6FE8DC399D05138B58FB9DE12F053F711F6883ED9A8021316BCE2275FF71"
"Glow Box_Data\StreamingAssets\aa\StandaloneWindows64\ebe0534e2e89f22c0a82aef409033f4a.bundle","3935","7EDBA1B143DC8F0A69DD219D8A3F3B9D63503180F8B775C336EC8A07CB4C0EB4"
"Glow Box_Data\StreamingAssets\aa\StandaloneWindows64\f8c325edc914de9a89ea6a4182943ff4.bundle","49256","3BC0351BC4159190E23313CBC3090F27CE3C06ED0F4D6FD277A9E08AE2DC384F"
"Glow Box_Data\StreamingAssets\aa\StandaloneWindows64\fd1665a439583152321a2a46a588c3ce.bundle","3645","762F4801BB546B9F8AA9ECEC0D4598E7C5152EAD14C8065B73A39C37AF64C8B1"
"Glow Box.exe","667648","C3191DD6288C49769B8C2BA791376BD213C603353B8780158B9FDE588E539F11"
"MonoBleedingEdge\EmbedRuntime\mono-2.0-bdwgc.dll","7828912","86A5A4DE6BCD74A637D63C96D822DC989D4FFAED6EF1C15C0E6E1F528AE6708F"
"MonoBleedingEdge\EmbedRuntime\MonoPosixHelper.dll","611248","9AF007AE922CEFF72AB325AB1F0E007B022768647164E1B7A843F758C7CE3D76"
"MonoBleedingEdge\etc\mono\2.0\Browsers\Compat.browser","1605","8A1082057AC5681DCD4E9C227ED7FB8EB42AC1618963B5DE3B65739DD77E2741"
"MonoBleedingEdge\etc\mono\2.0\DefaultWsdlHelpGenerator.aspx","60575","751861040B69EA63A3827507B7C8DA9C7F549DC181C1C8AF4B7CA78CC97D710A"
"MonoBleedingEdge\etc\mono\2.0\machine.config","29066","E91782A27FA39FC6C1D6EE8B08529F5D35052310D0006034B878EB04B8F2AF30"
"MonoBleedingEdge\etc\mono\2.0\settings.map","2622","49C6160F9D54AF4270A3B4E997FC4A8301F79B9E2070118FA46DDBCBBC44F9A2"
"MonoBleedingEdge\etc\mono\2.0\web.config","11635","CF2B54339E069B9E42F7D6795EECBF562C50C1011F4CA8F65F578FE52D97FF92"
"MonoBleedingEdge\etc\mono\4.0\Browsers\Compat.browser","1605","8A1082057AC5681DCD4E9C227ED7FB8EB42AC1618963B5DE3B65739DD77E2741"
"MonoBleedingEdge\etc\mono\4.0\DefaultWsdlHelpGenerator.aspx","60575","751861040B69EA63A3827507B7C8DA9C7F549DC181C1C8AF4B7CA78CC97D710A"
"MonoBleedingEdge\etc\mono\4.0\machine.config","33598","E60AEC2C5115D65B3ACB3C55EA21576DBD770F579166C017125571E46AE560ED"
"MonoBleedingEdge\etc\mono\4.0\settings.map","2622","CE1DB1AD8A9512073164E3ECCDC193F7EDA036E1A9733CAEC4635DE21B2865C8"
"MonoBleedingEdge\etc\mono\4.0\web.config","18802","E38BB8CC68FE5B4EDECDFD288D094B9E8CED7629039B2A347682ABA0D8BD7492"
"MonoBleedingEdge\etc\mono\4.5\Browsers\Compat.browser","1605","8A1082057AC5681DCD4E9C227ED7FB8EB42AC1618963B5DE3B65739DD77E2741"
"MonoBleedingEdge\etc\mono\4.5\DefaultWsdlHelpGenerator.aspx","60575","751861040B69EA63A3827507B7C8DA9C7F549DC181C1C8AF4B7CA78CC97D710A"
"MonoBleedingEdge\etc\mono\4.5\machine.config","34056","EE950004B576FB28DC85F4B0435ED04BF96612DE2E8B53BE84D07AFE85A0DE6C"
"MonoBleedingEdge\etc\mono\4.5\settings.map","2622","CE1DB1AD8A9512073164E3ECCDC193F7EDA036E1A9733CAEC4635DE21B2865C8"
"MonoBleedingEdge\etc\mono\4.5\web.config","18811","C4CBDDD4FD9347B58CC5A72B36DC4BA1AD2BB699E65869D05CD3FB9865F0D824"
"MonoBleedingEdge\etc\mono\browscap.ini","311984","4DDD50F31FB968F30BEDEFC253A46DC3F2890192D05CDAA9E0A64A056EEE807E"
"MonoBleedingEdge\etc\mono\config","3815","5776169973A26A387B8B3E5C0F2301A7AB9A6DD7C7D3EFA22A96ABC47FBF8662"
"MonoBleedingEdge\etc\mono\mconfig\config.xml","25817","0C56E34C69124510FA8C19E7B4C2CA6C1C4FF460AE19F798DD0CA035809E396D"
"UnityCrashHandler64.exe","1621416","043996479F30C535C580C4286D517400CE8408EC9862FC86BACED42C78C9D9C1"
"UnityPlayer.dll","35830192","A2022611884470DDAB23927A3EB7BBAEF3924C18972D30BA7B5330A8FD25BCC4"
